sku,name,price
12190436,"Духи женские стойкие со шлейфом Mademoiselle 3, 50 мл",789
12190441,"Духи женские стойкие со шлейфом Mademoiselle 7, 50 мл",789
12190431,"Духи мужские цитрусовые стойкие Gentleman 4, 100 мл",879
12190429,"Духи мужские стойкие древесные Gentleman 1, 100 мл",879
21013825,"Духи женские ванильные со шлейфом Mademoiselle 14, 50 мл",767
12190432,"Духи мужские древесные стойкие Gentleman 6, 100 мл",879
12190430,"Духи мужские стойкие древесные Gentleman 2, 100 мл",879
12190433,"Духи мужские фужерные стойкие Gentleman 5, 100 мл",879
21013821,"Духи мужские акватические стойкие Gentleman 11, 100 мл",879
21013828,"Духи женские стойкие Mademoiselle 17 Black Opium, 50 мл",1034
12190442,"Духи мужские стойкие шипровые Gentleman 7, 100 мл",879
245202461,Духи женские стойкие набор пробников 5 шт по 2 мл,383
23791014,Духи женские Good Girl ванильные New York TEN 50 мл,1128
21013820,"Духи мужские стойкие восточные Gentleman 17, 100 мл",879
23791012,Духи женские сладкие со шлейфом New York EIGHT 50 мл,462
23791011,Духи женские со шлейфом сирень New York SEVEN 50 мл,473
21013822,"Духи женские стойкие цветочные Mademoiselle 11, 50 мл",857
114903541,Духи мужские свежие New York SEVEN 90 мл,451
12645288,"Духи женские стойкие цветочные BOHEMIA EXCELSIOR, 50 мл",1607
21013819,"Духи мужские стойкие восточные Gentleman 16, 100 мл",879
23791007,Духи женские фруктовые стойкие New York THREE 50 мл,462
21013826,"Духи женские фруктовые стойкие Mademoiselle 15, 50 мл",789
101238524,Духи мужские цитрусовые New York SIX 90 мл,462
23791016,Духи женские свежие со шлейфом New York TWELVE 50 мл,462
38680837,"Духи женские стойкие цветочные BOHEMIA MIDNIGHT, 50 мл",987
114899777,Духи мужские акватические New York THREE 90 мл,462
12190434,"Духи женские стойкие цветочные Mademoiselle 1, 50 мл",789
21013818,"Духи мужские древесные стойкие Gentleman 15, 100 мл",879
543822698,"Парфюмированный гель для душа BOHEMIA MAGNIFICENCE, 200 мл",478
23791009,Духи женские восточные стойкие New York FIVE 50 мл,439
12645291,"Духи женские сладкие цветочные BOHEMIA ILLUSION, 50 мл",1607
545066244,"Парфюмированный гель для душа BOHEMIA MIDNIGHT, 200 мл",402
101236421,Духи мужские пряные New York FIVE 90 мл,439
397270208,"Духи женские стойкие со шлейфом BOHEMIA ARGYLE VIOLET, 50 мл",1889
23791010,Духи женские восточные со шлейфом New York SIX 50 мл,451
100637611,Духи мужские фужерные New York FOUR 90 мл,462
545073777,"Парфюмированный гель для душа BOHEMIA MOONSTONE, 200 мл",478
12190437,"Духи женские стойкие со шлейфом Mademoiselle 4, 50 мл",789
12190439,"Духи женские стойкие со шлейфом Mademoiselle 6, 50 мл",789
397338265,"Духи женские стойкие цветочные BOHEMIA AURORA, 50 мл",1889
466545270,"Духи женские MADEMOISELLE, набор пробников 7 шт. по 2 мл",383
547901003,Подарочный набор для женщин BOHEMIA NIGHT DREAMS + зеркало,2165
23791005,Духи женские цветочные стойкие New York ONE 50 мл,462
12645292,"Духи женские стойкие фруктовые BOHEMIA MAGNIFICENCE, 50 мл",1607
397261468,"Духи женские нежные цветочные BOHEMIA LA LUNA, 50 мл",1889
543758732,"Парфюмированный гель для душа BOHEMIA IN BLACK, 200 мл",402
12645289,"Духи женские стойкие свежие BOHEMIA ICE QUEEN, 50 мл",1607
12645293,"Духи женские фруктовые BOHEMIA HEART OF ETERNITY, 50мл",1607
12190435,"Духи женские цитрусовые нежные Mademoiselle 2, 50 мл",789
12190438,"Духи женские цветочные сирень Mademoiselle 5, 50 мл",789
23791013,Духи женские цитрусовые свежие New York NINE 50 мл,451
397279139,"Духи женские цветочные стойкие BOHEMIA EMERALD, 50 мл",1889
547837924,Подарочный набор для женщин BOHEMIA EXCELSIOR + зеркало,2210
21013816,"Духи мужские стойкие свежие Gentleman 12, 100 мл",879
547887233,Подарочный набор для женщин BOHEMIA MIDNIGHT + зеркало,2210
12645295,"Женская парфюмерная вода сладкая La Mia Verona, 60мл",3113
21013823,"Духи женские свежие со шлейфом Mademoiselle 12, 50 мл",767
547847789,Подарочный набор для женщин BOHEMIA ICE QUEEN + зеркало,2210
12645297,"Женская парфюмерная вода цитрусовая La Mia Roma, 60мл",3180
547869551,Подарочный набор для женщин BOHEMIA MAGNIFICENCE + зеркало,2210
547857051,Подарочный набор для женщин BOHEMIA ILLUSION + зеркало,2210
547881667,Подарочный набор для женщин BOHEMIA IN BLACK + зеркало,2210
415555134,"Духи женские цветочные Galvanoliori LILAC FLEUR, 50 мл",485
545087218,"Парфюмированный гель для душа BOHEMIA NIGHT DREAMS, 200 мл",402
506059140,"Женская парфюмерная вода цитрусовая La Mia Roma, 10мл",676
100059556,Духи мужские свежие New York TWO 90 мл,462
21013815,"Духи мужские стойкие древесные Gentleman 14, 100 мл",879
12645294,"Женская парфюмерная вода свежая La Mia Venezia, 60мл",3180
38674959,"Духи женские стойкие цитрусовые BOHEMIA MOONSTONE, 50 мл",1607
547895815,Подарочный набор для женщин BOHEMIA MOONSTONE + зеркало,2210
23791006,Духи женские тропические со шлейфом New York TWO 50 мл,439
21013827,"Духи женские цветочные стойкие Mademoiselle 16, 50 мл",767
543804384,"Парфюмированный гель для душа BOHEMIA EXCELSIOR, 200 мл",503
490516010,"Парфюмерная вода для женщин SELECTIVE Wild cherry, 50 мл",3869
12645299,"Женская парфюмерная вода цветочная La Mia Firenze, 60мл",3045
490489082,"Парфюмерная вода для женщин SELECTIVE Romantic vetiver,50 мл",3869
490417030,"Парфюмерная вода для мужчин SELECTIVE Spicy Tobacco, 60мл",3869
490477519,"Парфюмерная вода для женщин SELECTIVE Mystic Red, 50 мл",3869
543810697,"Парфюмированный гель для душа BOHEMIA ILLUSION, 200 мл",478
490439332,"Парфюмерная вода для мужчин SELECTIVE Amber wood, 60мл",3869
543769273,"Парфюмированный гель для душа BOHEMIA ICE QUEEN, 200 мл",478
490410459,"Парфюмерная вода для мужчин SELECTIVE Smoky Leather, 60мл",3869
490503896,"Парфюмерная вода для женщин SELECTIVE White crystal, 50 мл",3869
490485179,"Парфюмерная вода для женщин SELECTIVE Pure Jasmin, 50 мл",3869
490414294,"Парфюмерная вода для мужчин SELECTIVE Elegant fougere, 60мл",3869
411662545,"Духи женские стойкие вишневые BOHEMIA CHERRY EXTASY, 50 мл",1607
490444931,"Парфюмерная вода для мужчин SELECTIVE Royal Chypre, 60мл",3869
506063601,"Женская парфюмерная вода свежая La Mia Venezia, 10мл",676
114858899,Духи мужские акватические New York ONE 90 мл,462
490421317,"Парфюмерная вода для мужчин SELECTIVE Ice Essence, 60мл",3869
506048351,"Женская парфюмерная вода цветочная La Mia Firenze, 10мл",676
38674957,"Духи женские стойкие фруктовые BOHEMIA IN BLACK, 50 мл",987
245203536,Духи женские стойкие набор пробников 5 шт по 2 мл,383
577260169,"Духи женские набор BOHEMIA СOLORED DIAMONDS, 4 штуки по 2 мл",383
411504532,"Духи женские стойкие восточные BOHEMIA FORBIDDEN LOVE, 50 мл",1607
415525896,"Духи женские цветочные Galvanoliori FLORAL WHITE, 50 мл",485
23791008,Духи женские со шлейфом императрица New York FOUR 50 мл,462
411365420,"Духи женские стойкие цитрусовые BOHEMIA SUN DROP, 50 мл",1607
12190440,"Духи мужские цветочные стойкие Gentleman 3, 100 мл",857
506075389,"Женская парфюмерная вода сладкая La Mia Verona, 10мл",676
38674964,"Духи женские табак ваниль BOHEMIA NIGHT DREAMS, 50 мл",987
21013824,"Духи женские стойкие свежие Mademoiselle 13, 50 мл",767
23791015,Духи женские фужерные свежие New York ELEVEN 50 мл,462
415571650,"Духи женские сладкие Galvanoliori MAGONOLIA DIVINE, 50 мл",485
415498429,"Духи женские императрица Galvanoliori PINK MARMELAD, 50 мл",485
114905354,Духи мужские древесные New York EIGHT 90 мл,451
420775538,"Духи мужские фужерные Galvanoliori CEDAR WOOD, 100 мл",552
466504507,"Духи мужские GENTLEMAN, набор пробников 7шт. по 2 мл",383
466534459,"Духи мужские GENTLEMAN, набор пробников 7шт. по 2 мл",383
416973739,"Духи женские восточные Galvanoliori GOLD TALISMAN, 50 мл",485
420736595,"Духи мужские цитрусовые Galvanoliori LIGHT MOSS, 100 мл",552
420755223,"Духи мужские цитрусовые Galvanoliori SPACE BLUE, 100 мл",552
420710677,"Духи мужские древесные Galvanoliori DEEP OCEAN, 100 мл",552
420728273,"Духи мужские свежие Galvanoliori ULTIMATE GREY, 100 мл",552
420762134,"Духи мужские древесные Galvanoliori AQUA SKY, 100 мл",552
415453606,"Духи женские с вишней стойкие Galvanoliori CHERRY JEM, 50 мл",485
