brand,category,WB_ID,name,article,skus,price,discount,discountedPrice,clubDiscount,clubDiscountedPrice,spp,wb_price,personal_discount,personal_price,cost_price,profit,"markup, %"
PARFUMS CONSTANTINE,Туалетная вода,21013828,"Духи женские стойкие Mademoiselle 17 Black Opium, 50 мл",PCM000007,['4603720462279'],4000,59,1640,1,1623.6,,,,,194.0,1429.6,837
PARFUMS CONSTANTINE,Туалетная вода,420728273,"Туалетная вода мужская Galvanoliori ULTIMATE GREY, 100 мл",GALVANOL000007,['4607817712148'],2000,53,940,0,940.0,33,628.0,7.0,584.0,168.0,772.0,560
PARFUMS CONSTANTINE,Туалетная вода,420755223,"Туалетная вода мужская Galvanoliori SPACE BLUE, 100 мл",GALVANOL000009,['4607817712162'],2000,53,940,0,940.0,33,628.0,7.0,584.0,174.0,766.0,540
PARFUMS CONSTANTINE,Туалетная вода,420710677,"Туалетная вода мужская Galvanoliori DEEP OCEAN, 100 мл",GALVANOL000006,['4607817712131'],2000,53,940,0,940.0,33,628.0,7.0,584.0,178.0,762.0,528
PARFUMS CONSTANTINE,Туалетная вода,420775538,"Туалетная вода мужская Galvanoliori CEDAR WOOD, 100 мл",GALVANOL000011,['4607817712186'],2000,53,940,0,940.0,33,628.0,7.0,584.0,174.0,766.0,540
PARFUMS CONSTANTINE,Туалетная вода,420736595,"Туалетная вода мужская Galvanoliori LIGHT MOSS, 100 мл",GALVANOL000008,['4607817712155'],2000,53,940,0,940.0,33,628.0,7.0,584.0,174.0,766.0,540
PARFUMS CONSTANTINE,Туалетная вода,420762134,"Туалетная вода мужская Galvanoliori AQUA SKY, 100 мл",GALVANOL000010,['4607817712179'],2000,53,940,0,940.0,33,628.0,7.0,584.0,179.0,761.0,525
PARFUMS CONSTANTINE,Туалетная вода,12645289,"Духи женские стойкие свежие BOHEMIA ICE QUEEN, 50 мл",BOHEMIA000002,['4604094038169'],5000,47,2650,1,2623.5,32,1772.0,7.0,1647.0,345.0,2278.5,760
PARFUMS CONSTANTINE,Туалетная вода,12645292,"Духи женские стойкие фруктовые BOHEMIA MAGNIFICENCE, 50 мл",BOHEMIA000005,['4604094038190'],5000,46,2700,1,2673.0,32,1806.0,7.0,1679.0,321.0,2352.0,833
PARFUMS CONSTANTINE,Туалетная вода,12645291,"Духи женские сладкие цветочные BOHEMIA ILLUSION, 50 мл",BOHEMIA000004,['4604094038183'],5000,45,2750,1,2722.5,32,1839.0,7.0,1710.0,270.0,2452.5,1008
PARFUMS CONSTANTINE,Туалетная вода,12645288,"Духи женские стойкие цветочные BOHEMIA EXCELSIOR, 50 мл",BOHEMIA000001,['4604094038152'],5000,47,2650,1,2623.5,32,1772.0,7.0,1647.0,290.0,2333.5,905
PARFUMS CONSTANTINE,Туалетная вода,38674959,"Духи женские стойкие цитрусовые BOHEMIA MOONSTONE, 50 мл",BOHEMIAB0000030,['4603720462446'],5000,45,2750,1,2722.5,32,1839.0,7.0,1710.0,,,
PARFUMS CONSTANTINE,Духи,245202461,Духи женские стойкие набор пробников 5 шт по 2 мл,BOHEMIAS000001,['4607817711240'],2000,69,620,1,613.8,33,414.0,7.0,385.0,200.0,413.8,307
PARFUMS CONSTANTINE,Духи,577260169,"Духи женские набор BOHEMIA СOLORED DIAMONDS, 4 штуки по 2 мл",BOHEMIAC000001,['4607817712575'],2000,69,620,0,620.0,33,414.0,7.0,385.0,171.0,449.0,363
PARFUMS CONSTANTINE,Духи,245203536,Духи женские стойкие набор пробников 5 шт по 2 мл,BOHEMIAS000002,['4607817711257'],2000,69,620,1,613.8,33,414.0,7.0,385.0,200.0,413.8,307
,Туалетная вода,100637611,"Духи мужские фужерные New York FOUR, 90 мл",NYMEN000003,['4607817710885'],2000,63,740,1,732.6,32,495.0,7.0,460.0,177.0,555.6,414
PARFUMS CONSTANTINE,Духи,466504507,"Духи мужские GENTLEMAN, набор пробников 7шт. по 2 мл",PCMINI000002,['4607817711660'],2000,69,620,0,620.0,33,414.0,7.0,385.0,215.0,405.0,288
PARFUMS CONSTANTINE,Духи,466534459,"Духи мужские GENTLEMAN, набор пробников 7шт. по 2 мл",PCMINI000003,['4607817711684'],2000,69,620,0,620.0,33,414.0,7.0,385.0,215.0,405.0,288
PARFUMS CONSTANTINE,Духи,466545270,"Духи женские MADEMOISELLE, набор пробников 7 шт. по 2 мл",PCMINI000001,['4607817711677'],2000,69,620,0,620.0,33,414.0,7.0,385.0,220.0,400.0,282
PARFUMS CONSTANTINE,Духи,612997470,"Духи женские набор BOHEMIA BLACK & WHITE, 4 шт по 2 мл",BOHEMIAB000006,['4607817712582'],2000,25,1500,0,1500.0,,,,,,,
PARFUMS CONSTANTINE,Духи,577225812,"Духи женские набор пробников LA MIA ITALIA, 4 штуки по 2 мл",PCLM000011,['4607817712452'],2000,25,1500,0,1500.0,,,,,,,
PARFUMS CONSTANTINE,Туалетная вода,21013825,"Духи женские ванильные со шлейфом Mademoiselle 14, 50 мл",PCM000004,['4603720462248'],4000,69,1240,1,1227.6,32,829.0,7.0,770.0,202.0,1025.6,608
PARFUMS CONSTANTINE,Туалетная вода,12190439,"Духи женские стойкие со шлейфом Mademoiselle 6, 50 мл",INTERSHL000012,"['4603720462125', '4660001938281']",4000,68,1280,1,1267.2,32,856.0,7.0,796.0,163.0,1104.2,777
PARFUMS CONSTANTINE,Туалетная вода,12190432,"Духи мужские древесные стойкие Gentleman 6, 100 мл",INTERSHL000005,"['4603720462064', '4605994031458']",4000,62,1520,1,1504.8,32,1016.0,7.0,944.0,216.0,1288.8,697
PARFUMS CONSTANTINE,Туалетная вода,12190430,"Духи мужские стойкие древесные Gentleman 2, 100 мл",INTERSHL000002,"['4603720462026', '4605994031410']",4000,62,1520,1,1504.8,32,1016.0,7.0,944.0,215.0,1289.8,700
PARFUMS CONSTANTINE,Туалетная вода,12190429,"Духи мужские стойкие древесные Gentleman 1, 100 мл",INTERSHL000001,"['4603720462019', '4605994031403']",4000,63,1480,1,1465.2,32,990.0,7.0,920.0,219.0,1246.2,669
PARFUMS CONSTANTINE,Туалетная вода,12190433,"Духи мужские фужерные стойкие Gentleman 5, 100 мл",INTERSHL000006,"['4603720462057', '4604094037193']",4000,63,1480,1,1465.2,32,990.0,7.0,920.0,213.0,1252.2,688
PARFUMS CONSTANTINE,Туалетная вода,12190440,"Духи мужские цветочные стойкие Gentleman 3, 100 мл",PARFCONS000001,"['4603720462033', '4605994031427']",4000,63,1480,1,1465.2,32,990.0,7.0,920.0,201.0,1264.2,729
PARFUMS CONSTANTINE,Туалетная вода,12190431,"Духи мужские цитрусовые стойкие Gentleman 4, 100 мл",INTERSHL000004,"['4603720462040', '4605994031434']",4000,62,1520,1,1504.8,32,1016.0,7.0,944.0,211.0,1293.8,713
PARFUMS CONSTANTINE,Туалетная вода,12190442,"Духи мужские стойкие шипровые Gentleman 7, 100 мл",PARFCONS000003,"['4603720462408', '4604094030866']",4000,65,1400,1,1386.0,32,936.0,7.0,870.0,224.0,1162.0,619
PARFUMS CONSTANTINE,Туалетная вода,506075389,"Женская парфюмерная вода сладкая La Mia Verona, 10мл",PCLM000007,['4607817712384'],2500,60,1000,0,1000.0,33,669.0,7.0,622.0,113.0,887.0,885
PARFUMS CONSTANTINE,Туалетная вода,506063601,"Женская парфюмерная вода свежая La Mia Venezia, 10мл",PCLM000008,['4607817712377'],2500,60,1000,0,1000.0,33,669.0,7.0,622.0,118.0,882.0,847
PARFUMS CONSTANTINE,Туалетная вода,506059140,"Женская парфюмерная вода цитрусовая La Mia Roma, 10мл",PCLM000010,['4607817712360'],2500,60,1000,0,1000.0,33,669.0,7.0,622.0,118.0,882.0,847
PARFUMS CONSTANTINE,Туалетная вода,506048351,"Женская парфюмерная вода цветочная La Mia Firenze, 10мл",PCLM000009,['4607817712353'],2500,60,1000,0,1000.0,33,669.0,7.0,622.0,118.0,882.0,847
PARFUMS CONSTANTINE,Туалетная вода,490444931,"Парфюмерная вода для мужчин SELECTIVE Royal Chypre, 60мл",SELECTIV000001,['4607817710816'],14000,55,6300,0,6300.0,33,4214.0,7.0,3919.0,632.0,5668.0,997
PARFUMS CONSTANTINE,Туалетная вода,490421317,"Парфюмерная вода для мужчин SELECTIVE Ice Essence, 60мл",SELECTIV000003,['4607817710830'],14000,55,6300,0,6300.0,33,4214.0,7.0,3919.0,602.0,5698.0,1047
PARFUMS CONSTANTINE,Туалетная вода,490439332,"Парфюмерная вода для мужчин SELECTIVE Amber wood, 60мл",SELECTIV000005,['4607817710946'],14000,55,6300,0,6300.0,33,4214.0,7.0,3919.0,562.0,5738.0,1121
PARFUMS CONSTANTINE,Туалетная вода,490417030,"Парфюмерная вода для мужчин SELECTIVE Spicy Tobacco, 60мл",SELECTIV000002,['4607817710823'],14000,55,6300,0,6300.0,33,4214.0,7.0,3919.0,657.0,5643.0,959
PARFUMS CONSTANTINE,Туалетная вода,490414294,"Парфюмерная вода для мужчин SELECTIVE Elegant fougere, 60мл",SELECTIV000004,['4607817710939'],14000,55,6300,0,6300.0,33,4214.0,7.0,3919.0,639.0,5661.0,986
PARFUMS CONSTANTINE,Туалетная вода,490410459,"Парфюмерная вода для мужчин SELECTIVE Smoky Leather, 60мл",SELECTIV000006,['4607817710953'],14000,55,6300,0,6300.0,33,4214.0,7.0,3919.0,609.0,5691.0,1034
,Туалетная вода,23791013,"Духи женские цитрусовые свежие New York NINE, 50 мл",ELOR62361,['4603720462361'],2000,59,820,1,811.8,32,548.0,7.0,509.0,141.0,670.8,576
,Туалетная вода,23791012,"Духи женские сладкие со шлейфом New York EIGHT, 50 мл",ELOR62354,['4603720462354'],2000,62,760,1,752.4,32,508.0,7.0,472.0,133.78,618.62,562
,Туалетная вода,23791016,"Духи женские свежие со шлейфом New York TWELVE, 50 мл",ELOR62392,['4603720462392'],2000,60,800,1,792.0,32,535.0,7.0,497.0,121.0,671.0,655
,Туалетная вода,23791015,"Духи женские фужерные свежие New York ELEVEN, 50 мл",ELOR62385,['4603720462385'],2000,62,760,1,752.4,32,508.0,7.0,472.0,125.0,627.4,602
,Туалетная вода,23791011,"Духи женские со шлейфом сирень New York SEVEN, 50 мл",ELOR62347,['4603720462347'],2000,58,840,1,831.6,33,561.0,7.0,521.0,120.0,711.6,693
,Туалетная вода,23791010,"Духи женские восточные со шлейфом New York SIX, 50 мл",ELOR62330,['4603720462330'],2000,63,740,1,732.6,32,495.0,7.0,460.0,123.0,609.6,596
,Туалетная вода,23791009,"Духи женские восточные стойкие New York FIVE, 50 мл",ELOR62323,['4603720462323'],2000,63,740,1,732.6,32,495.0,7.0,460.0,113.0,619.6,648
,Туалетная вода,23791008,"Духи женские со шлейфом императрица New York FOUR, 50 мл",ELOR62316,['4603720462316'],2000,62,760,1,752.4,32,508.0,7.0,472.0,142.3,610.1,529
,Туалетная вода,23791007,"Духи женские фруктовые стойкие New York THREE, 50 мл",ELOR62309,['4603720462309'],2000,62,760,1,752.4,32,508.0,7.0,472.0,129.85,622.55,579
,Туалетная вода,23791006,"Духи женские тропические со шлейфом New York TWO, 50 мл",ELOR62293,['4603720462293'],2000,63,740,1,732.6,32,495.0,7.0,460.0,150.0,582.6,488
,Туалетная вода,23791005,"Духи женские цветочные стойкие New York ONE, 50 мл",ELOR62286,['4603720462286'],2000,62,760,1,752.4,32,508.0,7.0,472.0,146.16,606.24,515
PARFUMS CONSTANTINE,Туалетная вода,21013819,"Духи мужские стойкие восточные Gentleman 16, 100 мл",PCG000005,['4603720462194'],4000,65,1400,1,1386.0,32,936.0,7.0,870.0,232.0,1154.0,597
PARFUMS CONSTANTINE,Туалетная вода,21013821,"Духи мужские акватические стойкие Gentleman 11, 100 мл",PCG000007,['4603720462149'],4000,63,1480,1,1465.2,32,990.0,7.0,920.0,252.0,1213.2,581
PARFUMS CONSTANTINE,Туалетная вода,21013816,"Духи мужские стойкие свежие Gentleman 12, 100 мл",PCG000002,['4603720462156'],4000,65,1400,1,1386.0,32,936.0,7.0,870.0,223.0,1163.0,622
PARFUMS CONSTANTINE,Туалетная вода,21013820,"Духи мужские стойкие восточные Gentleman 17, 100 мл",PCG000006,['4603720462200'],4000,63,1480,1,1465.2,32,990.0,7.0,920.0,222.0,1243.2,660
PARFUMS CONSTANTINE,Туалетная вода,21013817,"Духи мужские свежие стойкие Gentleman 13, 100 мл",PCG000003,['4603720462163'],4000,57,1720,1,1702.8,,,,,256.0,1446.8,665
PARFUMS CONSTANTINE,Туалетная вода,21013818,"Духи мужские древесные стойкие Gentleman 15, 100 мл",PCG000004,['4603720462187'],4000,65,1400,1,1386.0,32,936.0,7.0,870.0,212.0,1174.0,654
PARFUMS CONSTANTINE,Парфюмерные наборы,547887233,Подарочный набор для женщин BOHEMIA MIDNIGHT + зеркало,BOHEMIAS000004,['4603720462491'],8000,61,3120,0,3120.0,33,2087.0,7.0,1940.0,992.0,2128.0,315
PARFUMS CONSTANTINE,Парфюмерные наборы,547881667,Подарочный набор для женщин BOHEMIA IN BLACK + зеркало,BOHEMIAS000003,['4603720462484'],8000,61,3120,0,3120.0,33,2087.0,7.0,1940.0,995.0,2125.0,314
PARFUMS CONSTANTINE,Парфюмерные наборы,547895815,Подарочный набор для женщин BOHEMIA MOONSTONE + зеркало,BOHEMIAS000005,['4603720462507'],8000,58,3360,0,3360.0,33,2247.0,7.0,2089.0,997.0,2363.0,337
PARFUMS CONSTANTINE,Парфюмерные наборы,547901003,Подарочный набор для женщин BOHEMIA NIGHT DREAMS + зеркало,BOHEMIAS000006,['4603720462514'],8000,61,3120,0,3120.0,33,2087.0,7.0,1940.0,994.0,2126.0,314
PARFUMS CONSTANTINE,Парфюмерные наборы,547847789,Подарочный набор для женщин BOHEMIA ICE QUEEN + зеркало,BOHEMIAS000008,['4603720462538'],8000,58,3360,0,3360.0,33,2247.0,7.0,2089.0,1027.0,2333.0,327
PARFUMS CONSTANTINE,Парфюмерные наборы,547857051,Подарочный набор для женщин BOHEMIA ILLUSION + зеркало,BOHEMIAS000009,['4603720462477'],8000,58,3360,0,3360.0,33,2247.0,7.0,2089.0,955.0,2405.0,352
PARFUMS CONSTANTINE,Парфюмерные наборы,547869551,Подарочный набор для женщин BOHEMIA MAGNIFICENCE + зеркало,BOHEMIAS000010,['4603720462545'],8000,58,3360,0,3360.0,33,2247.0,7.0,2089.0,1003.0,2357.0,335
PARFUMS CONSTANTINE,Парфюмерные наборы,547837924,Подарочный набор для женщин BOHEMIA EXCELSIOR + зеркало,BOHEMIAS000007,['4603720462521'],8000,58,3360,0,3360.0,33,2247.0,7.0,2089.0,971.0,2389.0,346
PARFUMS CONSTANTINE,Гели,545073777,"Парфюмированный гель для душа BOHEMIA MOONSTONE, 200 мл",PCUHOD000007,['4601364081672'],2000,67,660,0,660.0,32,451.0,7.0,419.0,120.0,540.0,550
PARFUMS CONSTANTINE,Гели,545066244,"Парфюмированный гель для душа BOHEMIA MIDNIGHT, 200 мл",PCUHOD000006,['4601364081665'],2000,69,620,0,620.0,32,424.0,7.0,394.0,120.0,500.0,517
PARFUMS CONSTANTINE,Гели,545087218,"Парфюмированный гель для душа BOHEMIA NIGHT DREAMS, 200 мл",PCUHOD000009,['4601364081689'],2000,69,620,0,620.0,32,424.0,7.0,394.0,120.0,500.0,517
PARFUMS CONSTANTINE,Гели,543822698,"Парфюмированный гель для душа BOHEMIA MAGNIFICENCE, 200 мл",PCUHOD000004,['4601364081641'],2000,67,660,0,660.0,32,451.0,7.0,419.0,120.0,540.0,550
PARFUMS CONSTANTINE,Гели,543810697,"Парфюмированный гель для душа BOHEMIA ILLUSION, 200 мл",PCUHOD000003,['4601364081634'],2000,67,660,0,660.0,32,451.0,7.0,419.0,120.0,540.0,550
PARFUMS CONSTANTINE,Гели,543804384,"Парфюмированный гель для душа BOHEMIA EXCELSIOR, 200 мл",PCUHOD000001,['4601364081610'],2000,67,660,0,660.0,32,451.0,7.0,419.0,120.0,540.0,550
PARFUMS CONSTANTINE,Гели,543769273,"Парфюмированный гель для душа BOHEMIA ICE QUEEN, 200 мл",PCUHOD000002,['4601364081627'],2000,69,620,0,620.0,32,424.0,7.0,394.0,120.0,500.0,517
PARFUMS CONSTANTINE,Гели,543758732,"Парфюмированный гель для душа BOHEMIA IN BLACK, 200 мл",PCUHOD000005,['4601364081658'],2000,69,620,0,620.0,32,424.0,7.0,394.0,120.0,500.0,517
PARFUMS CONSTANTINE,Туалетная вода,38674957,"Духи женские стойкие фруктовые BOHEMIA IN BLACK, 50 мл",BOHEMIAB0000010,['4603720462422'],5000,69,1550,1,1534.5,32,1036.0,7.0,963.0,,,
PARFUMS CONSTANTINE,Туалетная вода,38674964,"Духи женские табак ваниль BOHEMIA NIGHT DREAMS, 50 мл",BOHEMIAB0000040,['4603720462453'],5000,69,1550,1,1534.5,32,1036.0,7.0,963.0,,,
PARFUMS CONSTANTINE,Туалетная вода,397279139,"Духи женские цветочные стойкие BOHEMIA EMERALD, 50 мл",BOHEMIA000011,['4607817711974'],6000,48,3120,0,3120.0,33,2087.0,7.0,1940.0,292.0,2828.0,1068
PARFUMS CONSTANTINE,Туалетная вода,12190441,"Духи женские стойкие со шлейфом Mademoiselle 7, 50 мл",PARFCONS000002,"['4603720462132', '4604094030859']",4000,65,1400,1,1386.0,32,936.0,7.0,870.0,177.0,1209.0,783
PARFUMS CONSTANTINE,Туалетная вода,12190438,"Духи женские цветочные сирень Mademoiselle 5, 50 мл",INTERSHL000011,"['4603720462118', '4660001938267']",4000,68,1280,1,1267.2,32,856.0,7.0,796.0,161.0,1106.2,787
PARFUMS CONSTANTINE,Туалетная вода,12190436,"Духи женские стойкие со шлейфом Mademoiselle 3, 50 мл",INTERSHL000009,"['4603720462095', '4660001938229']",4000,67,1320,1,1306.8,32,883.0,7.0,821.0,185.0,1121.8,706
PARFUMS CONSTANTINE,Туалетная вода,21013824,"Духи женские стойкие свежие Mademoiselle 13, 50 мл",PCM000003,['4603720462231'],4000,69,1240,1,1227.6,32,829.0,7.0,770.0,186.0,1041.6,660
PARFUMS CONSTANTINE,Туалетная вода,12645295,"Женская парфюмерная вода сладкая La Mia Verona, 60мл",PCLM000002,"['4604094035113', '4607817711806']",12000,56,5280,1,5227.2,32,3532.0,7.0,3284.0,625.0,4602.2,836
PARFUMS CONSTANTINE,Туалетная вода,12645294,"Женская парфюмерная вода свежая La Mia Venezia, 60мл",PCLM000001,"['4604094035106', '4607817711790']",12000,56,5280,1,5227.2,32,3532.0,7.0,3284.0,651.0,4576.2,803
PARFUMS CONSTANTINE,Туалетная вода,12645297,"Женская парфюмерная вода цитрусовая La Mia Roma, 60мл",PCLM000004,"['4604094035137', '4607817711783']",12000,56,5280,1,5227.2,32,3532.0,7.0,3284.0,695.0,4532.2,752
PARFUMS CONSTANTINE,Туалетная вода,12645299,"Женская парфюмерная вода цветочная La Mia Firenze, 60мл",PCLM000006,"['4604094035151', '4607817711776']",12000,56,5280,1,5227.2,32,3532.0,7.0,3284.0,658.0,4569.2,794
PARFUMS CONSTANTINE,Туалетная вода,490477519,"Парфюмерная вода для женщин SELECTIVE Mystic Red, 50 мл",SELECTIV000014,['4607817711196'],14000,55,6300,0,6300.0,33,4214.0,7.0,3919.0,575.0,5725.0,1096
PARFUMS CONSTANTINE,Туалетная вода,490485179,"Парфюмерная вода для женщин SELECTIVE Pure Jasmin, 50 мл",SELECTIV000013,['4607817711189'],14000,55,6300,0,6300.0,33,4214.0,7.0,3919.0,601.0,5699.0,1048
PARFUMS CONSTANTINE,Туалетная вода,490489082,"Парфюмерная вода для женщин SELECTIVE Romantic vetiver,50 мл",SELECTIV000015,['4607817711202'],14000,55,6300,0,6300.0,33,4214.0,7.0,3919.0,575.0,5725.0,1096
PARFUMS CONSTANTINE,Туалетная вода,490503896,"Парфюмерная вода для женщин SELECTIVE White crystal, 50 мл",SELECTIV000017,['4607817711226'],14000,55,6300,0,6300.0,33,4214.0,7.0,3919.0,580.0,5720.0,1086
PARFUMS CONSTANTINE,Туалетная вода,490516010,"Парфюмерная вода для женщин SELECTIVE Wild cherry, 50 мл",SELECTIV000016,['4607817711219'],14000,55,6300,0,6300.0,33,4214.0,7.0,3919.0,590.0,5710.0,1068
PARFUMS CONSTANTINE,Туалетная вода,397338265,"Духи женские стойкие цветочные BOHEMIA AURORA, 50 мл",BOHEMIA000013,['4607817711998'],6000,48,3120,0,3120.0,33,2087.0,7.0,1940.0,298.0,2822.0,1047
PARFUMS CONSTANTINE,Туалетная вода,21013822,"Духи женские стойкие цветочные Mademoiselle 11, 50 мл",PCM000001,['4603720462217'],4000,66,1360,1,1346.4,32,909.0,7.0,845.0,212.0,1134.4,635
PARFUMS CONSTANTINE,Туалетная вода,21013823,"Духи женские свежие со шлейфом Mademoiselle 12, 50 мл",PCM000002,['4603720462224'],4000,69,1240,1,1227.6,32,829.0,7.0,770.0,184.0,1043.6,667
PARFUMS CONSTANTINE,Туалетная вода,21013826,"Духи женские фруктовые стойкие Mademoiselle 15, 50 мл",PCM000005,['4603720462255'],4000,69,1240,1,1227.6,32,829.0,7.0,770.0,230.0,997.6,534
PARFUMS CONSTANTINE,Туалетная вода,21013827,"Духи женские цветочные стойкие Mademoiselle 16, 50 мл",PCM000006,['4603720462262'],4000,69,1240,1,1227.6,32,829.0,7.0,770.0,188.0,1039.6,653
PARFUMS CONSTANTINE,Туалетная вода,21013815,"Духи мужские стойкие древесные Gentleman 14, 100 мл",PCG000001,['4603720462170'],4000,64,1440,1,1425.6,32,963.0,7.0,895.0,249.0,1176.6,573
PARFUMS CONSTANTINE,Туалетная вода,12190437,"Духи женские стойкие со шлейфом Mademoiselle 4, 50 мл",INTERSHL000010,"['4603720462101', '4660001938243']",4000,68,1280,1,1267.2,32,856.0,7.0,796.0,164.0,1103.2,773
PARFUMS CONSTANTINE,Туалетная вода,12190435,"Духи женские цитрусовые нежные Mademoiselle 2, 50 мл",INTERSHL000008,"['4603720462088', '4660001938205']",4000,68,1280,1,1267.2,32,856.0,7.0,796.0,162.0,1105.2,782
PARFUMS CONSTANTINE,Туалетная вода,12190434,"Духи женские стойкие цветочные Mademoiselle 1, 50 мл",INTERSHL000007,"['4603720462071', '4660001938182']",4000,68,1280,1,1267.2,32,856.0,7.0,796.0,160.0,1107.2,792
PARFUMS CONSTANTINE,Туалетная вода,38680837,"Духи женские стойкие цветочные BOHEMIA MIDNIGHT, 50 мл",BOHEMIAB0000020,['4603720462439'],5000,69,1550,1,1534.5,32,1036.0,7.0,963.0,,,
PARFUMS CONSTANTINE,Туалетная вода,415555134,"Духи женские цветочные Galvanoliori LILAC FLEUR, 50 мл",GALVANOL000003,['4607817712100'],2000,58,840,0,840.0,33,561.0,7.0,521.0,145.0,695.0,579
PARFUMS CONSTANTINE,Туалетная вода,415453606,"Духи женские с вишней стойкие Galvanoliori CHERRY JEM, 50 мл",GALVANOL000001,['4607817712018'],2000,58,840,0,840.0,33,561.0,7.0,521.0,138.0,702.0,609
PARFUMS CONSTANTINE,Туалетная вода,415525896,"Духи женские цветочные Galvanoliori FLORAL WHITE, 50 мл",GALVANOL000024,['4607817712094'],2000,58,840,0,840.0,33,561.0,7.0,521.0,144.0,696.0,583
PARFUMS CONSTANTINE,Туалетная вода,416973739,"Духи женские восточные Galvanoliori GOLD TALISMAN, 50 мл",GALVANOL000005,['4607817712124'],2000,58,840,0,840.0,33,561.0,7.0,521.0,141.0,699.0,596
PARFUMS CONSTANTINE,Туалетная вода,415498429,"Духи женские императрица Galvanoliori PINK MARMELAD, 50 мл",GALVANOL000002,['4607817712087'],2000,58,840,0,840.0,33,561.0,7.0,521.0,141.0,699.0,596
PARFUMS CONSTANTINE,Туалетная вода,415571650,"Духи женские сладкие Galvanoliori MAGONOLIA DIVINE, 50 мл",GALVANOL000004,['4607817712117'],2000,58,840,0,840.0,33,561.0,7.0,521.0,143.0,697.0,587
,Туалетная вода,23791014,"Духи женские Good Girl ванильные New York TEN, 50 мл",ELOR62378,['4603720462378'],2000,0,2000,1,1980.0,,,,,157.0,1823.0,1261
,Туалетная вода,100059556,"Духи мужские свежие New York TWO, 90 мл",NYMEN000016,['4607817710861'],2000,62,760,1,752.4,32,508.0,7.0,472.0,170.0,582.4,443
,Туалетная вода,101236421,"Духи мужские пряные New York FIVE, 90 мл",NYMEN000004,['4607817710892'],2000,64,720,1,712.8,33,481.0,7.0,447.0,183.0,529.8,390
,Туалетная вода,114858899,"Духи мужские акватические New York ONE, 90 мл",NYMEN0000010,['4607817710854'],2000,63,740,1,732.6,32,495.0,7.0,460.0,,,
,Туалетная вода,114903541,"Духи мужские свежие New York SEVEN, 90 мл",NYMEN0000060,['4607817710915'],2000,62,760,1,752.4,32,508.0,7.0,472.0,,,
PARFUMS CONSTANTINE,Туалетная вода,411662545,"Духи женские стойкие вишневые BOHEMIA CHERRY EXTASY, 50 мл",BOHEMIA000008,['4607817711943'],5000,45,2750,0,2750.0,33,1839.0,7.0,1710.0,283.0,2467.0,972
PARFUMS CONSTANTINE,Туалетная вода,411504532,"Духи женские стойкие восточные BOHEMIA FORBIDDEN LOVE, 50 мл",BOHEMIA000009,['4607817711950'],5000,45,2750,0,2750.0,33,1839.0,7.0,1710.0,280.0,2470.0,982
PARFUMS CONSTANTINE,Туалетная вода,411365420,"Духи женские стойкие цитрусовые BOHEMIA SUN DROP, 50 мл",BOHEMIA000007,"['2043908674681', '4607817711936']",5000,45,2750,0,2750.0,33,1839.0,7.0,1710.0,270.0,2480.0,1019
PARFUMS CONSTANTINE,Туалетная вода,12645293,"Духи женские фруктовые BOHEMIA HEART OF ETERNITY, 50мл",BOHEMIA000006,['4604094038206'],5000,45,2750,1,2722.5,32,1839.0,7.0,1710.0,333.0,2389.5,818
PARFUMS CONSTANTINE,Туалетная вода,397270208,"Духи женские стойкие со шлейфом BOHEMIA ARGYLE VIOLET, 50 мл",BOHEMIA000012,['4607817711981'],6000,48,3120,0,3120.0,33,2087.0,7.0,1940.0,311.0,2809.0,1003
PARFUMS CONSTANTINE,Туалетная вода,397261468,"Духи женские нежные цветочные BOHEMIA LA LUNA, 50 мл",BOHEMIA000010,['4607817711967'],6000,48,3120,0,3120.0,33,2087.0,7.0,1940.0,285.0,2835.0,1095
,Туалетная вода,101238524,"Духи мужские цитрусовые New York SIX, 90 мл",NYMEN000005,['4607817710908'],2000,62,760,1,752.4,32,508.0,7.0,472.0,179.0,573.4,420
,Туалетная вода,114905354,"Духи мужские древесные New York EIGHT, 90 мл",NYMEN0000070,['4607817710922'],2000,63,740,1,732.6,32,495.0,7.0,460.0,,,
,Туалетная вода,114899777,"Духи мужские акватические New York THREE, 90 мл",NYMEN0000020,['4607817710878'],2000,63,740,1,732.6,32,495.0,7.0,460.0,,,
